Size (sq ft),Location,Number of Rooms,Price ($)
3674,Rural,1,628008
1360,Rural,1,285780
1794,Rural,3,324070
1630,Suburban,6,434767
1595,Suburban,3,419380
3592,Rural,3,798739
2138,Urban,5,373490
2669,Suburban,5,403198
966,Rural,6,117054
1738,Rural,5,297162
830,Suburban,2,151586
1982,Suburban,6,466096
2635,Suburban,5,610350
3944,Urban,6,449701
3671,Urban,3,657299
3419,Rural,3,466200
630,Suburban,6,82758
2185,Urban,2,580031
3880,Suburban,2,420526
1269,Rural,6,233288
2891,Urban,5,386355
2015,Urban,4,555870
3985,Urban,2,842461
3353,Rural,1,490463
2933,Suburban,3,588023
1715,Urban,6,422399
1455,Rural,1,424312
2824,Suburban,6,406907
1684,Rural,3,466866
959,Suburban,3,275099
3885,Rural,2,1100558
521,Suburban,2,118310
2800,Urban,1,632699
1247,Suburban,6,225260
3404,Rural,3,852632
974,Rural,1,200896
1582,Suburban,4,372541
3058,Urban,1,567844
2547,Urban,5,627324
3247,Suburban,1,860111
1475,Suburban,5,190698
2306,Rural,5,614747
689,Urban,5,143352
3505,Suburban,4,942610
3234,Urban,1,602365
3505,Suburban,1,616207
1062,Suburban,4,300558
2399,Urban,3,360411
1767,Suburban,2,475044
3379,Suburban,1,665001
2028,Rural,2,411317
3702,Suburban,6,598589
1146,Suburban,6,245941
2568,Suburban,4,423828
3388,Rural,6,365408
2714,Urban,6,419040
1797,Rural,3,181992
2935,Rural,3,867794
1100,Urban,3,322464
2863,Rural,6,512565
2561,Urban,4,629171
741,Rural,5,125348
2541,Urban,5,595149
3324,Suburban,2,867849
3917,Rural,5,1133388
3112,Rural,5,560292
3445,Rural,3,884192
1863,Rural,3,285384
2639,Suburban,6,786597
1890,Rural,2,198740
3503,Suburban,1,773132
1978,Suburban,2,458700
3999,Suburban,2,950198
3056,Suburban,4,379180
1275,Urban,6,366825
534,Urban,4,72750
2753,Rural,2,618188
3652,Urban,2,527842
2455,Urban,2,396343
2085,Rural,5,436373
3959,Rural,4,726233
3573,Rural,2,471797
1521,Urban,3,204098
3961,Urban,6,727354
3113,Rural,6,782784
1629,Suburban,3,455456
2000,Rural,6,233651
1202,Suburban,5,214702
2949,Suburban,5,354024
3277,Rural,1,338574
2079,Rural,1,483042
661,Rural,1,145743
701,Urban,6,92955
2481,Suburban,5,364117
1495,Urban,5,156588
2817,Urban,5,752109
1315,Rural,3,387843
3842,Urban,5,488287
955,Rural,3,139711
1775,Suburban,1,485785
1516,Rural,1,432503
2843,Urban,6,522900
3267,Urban,1,359776
837,Rural,6,90294
1378,Rural,2,295980
1576,Urban,2,281440
1291,Suburban,4,136498
2764,Suburban,6,598821
1263,Rural,4,129155
2735,Suburban,4,704192
879,Urban,2,141770
992,Rural,6,107187
3612,Urban,2,786225
1680,Urban,4,301621
2562,Suburban,6,755175
564,Rural,4,117785
3068,Rural,5,475686
1867,Suburban,6,451604
1652,Urban,6,254900
2527,Urban,4,709704
3195,Urban,5,558947
1995,Urban,3,418897
3634,Rural,2,400156
1662,Rural,4,307842
2022,Suburban,6,538807
3140,Suburban,2,819947
891,Rural,2,129073
2198,Rural,2,319184
918,Urban,3,241857
2836,Urban,1,811321
878,Suburban,4,104545
2296,Rural,1,436266
2778,Suburban,1,465289
3565,Rural,1,977300
2588,Urban,2,302032
3599,Suburban,5,511868
2682,Suburban,2,671824
700,Rural,2,77181
2363,Urban,6,469072
1279,Suburban,6,240990
3477,Urban,1,580242
3604,Suburban,2,644807
3619,Urban,1,745470
1002,Rural,6,132538
2954,Suburban,5,633335
2251,Suburban,4,587705
1304,Urban,1,328649
2646,Urban,5,346043
3231,Suburban,4,419545
2395,Rural,3,367955
3273,Urban,1,563659
2070,Urban,1,376100
1460,Urban,3,344471
3160,Suburban,3,351822
1985,Suburban,1,212265
3190,Suburban,3,569038
1528,Suburban,2,365853
3789,Rural,4,525485
1002,Rural,4,228757
3314,Suburban,4,503614
897,Rural,2,248663
1370,Urban,3,382419
3342,Urban,5,532906
892,Urban,3,130230
706,Suburban,1,128676
1538,Urban,6,227787
2381,Rural,4,558289
3439,Suburban,3,912067
1984,Rural,5,465482
1363,Urban,1,361017
3290,Urban,2,590220
3812,Urban,2,500376
1063,Suburban,5,263188
1520,Rural,1,261584
595,Suburban,4,139381
2423,Suburban,3,373454
2257,Urban,1,262367
3032,Suburban,2,905101
3978,Suburban,5,522073
2778,Urban,5,826966
3296,Suburban,3,973822
2178,Urban,5,563587
3742,Urban,5,867712
1040,Urban,1,224183
1559,Urban,4,425950
3072,Suburban,3,485031
1683,Urban,1,325721
2222,Urban,4,497456
3814,Suburban,1,695056
3657,Suburban,6,678363
2319,Rural,1,385086
3125,Suburban,5,665144
3229,Suburban,4,872201
3104,Rural,3,435508
2097,Suburban,3,601601
3560,Suburban,4,846630
3193,Suburban,5,845042
1295,Suburban,2,273553
1551,Rural,1,396906
2143,Suburban,5,221243
1863,Suburban,6,491228
2481,Rural,4,268016
1854,Urban,1,515379
2163,Rural,3,645423
2029,Urban,2,322232
2538,Rural,6,360557
3919,Rural,3,991791
1996,Suburban,4,300608
3802,Urban,1,1038373
2737,Suburban,4,329996
3796,Urban,1,475225
1908,Rural,5,564444
1900,Rural,2,446058
1806,Urban,5,486495
3180,Suburban,5,524273
3175,Suburban,4,747067
1472,Suburban,2,322144
2268,Suburban,1,500388
1782,Rural,1,421454
3930,Rural,6,845232
1209,Rural,3,224647
1979,Rural,6,307110
1934,Rural,6,490687
1148,Suburban,1,166752
817,Suburban,4,194830
3796,Suburban,5,556746
1757,Suburban,5,395441
1183,Rural,5,295058
1163,Rural,2,167172
2498,Rural,1,279747
3945,Urban,4,497838
2131,Suburban,2,471375
1995,Suburban,3,538429
3804,Rural,4,414633
1636,Suburban,6,403814
2353,Suburban,4,395924
2020,Rural,4,395325
2989,Urban,5,854172
1063,Urban,4,176877
1791,Urban,6,345783
3957,Rural,6,406528
3958,Suburban,1,460393
3684,Rural,4,558930
2136,Rural,5,225498
3499,Suburban,4,791736
3652,Urban,3,676641
1198,Urban,3,251135
2660,Rural,5,358912
501,Urban,1,79752
1141,Rural,1,265584
2767,Rural,6,810898
2089,Suburban,6,229964
1354,Suburban,2,376516
2259,Suburban,5,486534
3796,Rural,4,807727
2932,Suburban,5,586563
3974,Urban,2,452554
2161,Urban,6,254944
1653,Rural,5,363961
1576,Rural,5,265070
2207,Suburban,6,625582
3277,Rural,2,594179
2195,Rural,6,282400
2233,Urban,1,542493
1939,Urban,4,307662
2794,Suburban,6,573032
1335,Rural,2,319821
702,Rural,3,196597
3755,Urban,1,970435
622,Rural,3,146339
900,Urban,6,212333
1266,Suburban,1,366108
793,Urban,4,126217
2827,Rural,6,283328
3431,Suburban,4,529715
697,Urban,5,100074
3529,Urban,3,820022
2430,Suburban,1,550983
3299,Suburban,4,721465
2691,Urban,2,277842
1108,Rural,4,272297
3772,Urban,2,621271
1647,Suburban,6,383769
686,Urban,1,144962
3897,Suburban,4,656824
3011,Suburban,4,382141
3920,Rural,1,466024
2294,Suburban,4,610900
1159,Suburban,2,328784
3311,Rural,4,761389
3502,Suburban,3,422645
2455,Rural,6,442895
2950,Rural,5,725074
1869,Suburban,2,478397
2486,Suburban,3,307378
2034,Urban,6,203412
646,Rural,1,156608
3719,Urban,2,637136
3411,Suburban,5,514707
2234,Urban,6,229162
2343,Rural,5,487484
988,Urban,1,266987
3476,Rural,1,1013345
2459,Suburban,2,524133
2163,Suburban,4,438855
3098,Rural,1,362500
2885,Suburban,6,605199
3419,Suburban,4,601729
1140,Suburban,3,252426
2302,Suburban,5,409169
3020,Rural,4,447140
2469,Urban,5,293793
2698,Urban,4,439729
1938,Suburban,3,231259
3869,Urban,1,523782
2134,Urban,3,634795
762,Suburban,1,143881
2287,Suburban,1,471978
2691,Urban,5,739281
2893,Rural,6,865336
1123,Suburban,3,243177
1516,Rural,4,397942
1380,Urban,3,228235
2549,Suburban,5,410768
3444,Rural,1,621782
1827,Suburban,5,428434
2801,Urban,2,662263
952,Rural,2,155221
3608,Urban,4,456924
1683,Urban,5,381164
3562,Suburban,4,447619
2556,Rural,4,551325
3804,Urban,2,907955
3670,Urban,4,881248
2182,Rural,2,547015
3363,Urban,1,923385
2755,Urban,5,550977
1654,Rural,4,406966
903,Rural,2,202122
2699,Rural,3,370648
2601,Rural,4,273463
3691,Suburban,6,579148
2196,Rural,1,414180
1127,Suburban,1,251795
1086,Suburban,3,293211
2148,Suburban,2,299107
1943,Urban,4,243088
1945,Suburban,2,569293
603,Suburban,1,73330
753,Urban,2,147360
3798,Urban,1,824594
3683,Urban,2,767076
3057,Rural,3,358300
1996,Urban,5,222365
598,Urban,3,72415
2700,Suburban,3,586217
2384,Urban,5,497943
3461,Rural,5,507895
2419,Urban,4,550455
1377,Rural,4,363546
837,Urban,3,90660
3369,Urban,3,672539
3734,Urban,1,888177
1456,Urban,1,219073
2204,Rural,4,356065
660,Rural,6,147000
2103,Suburban,6,587971
3348,Rural,4,877125
897,Urban,1,194313
1800,Suburban,1,442879
1315,Suburban,6,227448
2027,Suburban,2,462547
2419,Urban,2,467438
1915,Rural,1,264245
1658,Urban,2,398496
1718,Suburban,5,363001
900,Urban,4,154551
1139,Urban,4,321503
3604,Rural,1,375489
3235,Rural,3,527805
959,Suburban,6,106809
1454,Urban,1,368306
969,Urban,2,232968
3946,Rural,6,656103
1545,Urban,3,363279
3297,Urban,2,590781
2193,Urban,5,550992
2585,Rural,2,493312
2777,Suburban,5,506680
3936,Suburban,6,1129419
1062,Urban,5,159486
2985,Suburban,6,370407
2299,Rural,6,498672
3854,Rural,6,1132553
2574,Suburban,6,451911
725,Suburban,6,81495
3848,Urban,2,645929
1297,Suburban,6,260938
2831,Urban,2,374780
3426,Urban,6,793531
1459,Rural,5,437043
2004,Rural,6,381457
952,Rural,3,162740
3567,Rural,6,642562
1315,Suburban,6,161783
1158,Rural,5,320366
1046,Suburban,4,191381
1715,Rural,5,304335
3620,Suburban,3,839615
516,Urban,4,97217
3743,Suburban,1,859567
1743,Suburban,1,195720
2705,Rural,3,710724
3024,Suburban,5,871216
1569,Urban,2,360482
3944,Urban,3,1147361
3065,Rural,4,399328
2646,Urban,4,517248
2268,Suburban,6,499779
1560,Urban,1,337501
2827,Rural,4,509686
3920,Suburban,3,657058
3044,Rural,4,381610
801,Suburban,3,142857
680,Urban,2,90121
1106,Rural,6,273041
3670,Rural,1,520281
1199,Suburban,4,133943
1492,Rural,3,314026
1639,Suburban,5,359016
690,Suburban,1,189324
2800,Suburban,2,603109
1480,Suburban,3,250262
3475,Urban,6,905593
2506,Suburban,6,521387
1684,Rural,2,195101
3827,Urban,2,815802
3894,Rural,6,1096564
627,Urban,4,112397
2565,Suburban,4,408515
2316,Urban,3,298055
2258,Urban,5,294192
3113,Rural,3,580743
1069,Rural,5,234256
1846,Suburban,2,214363
2395,Urban,1,689553
3233,Urban,3,811569
1125,Urban,3,244490
3859,Suburban,5,1025288
3401,Suburban,2,394643
2186,Suburban,2,427073
3509,Suburban,5,793099
654,Suburban,2,173787
3037,Rural,6,779579
1909,Urban,4,296685
1284,Urban,6,370018
3675,Urban,1,458894
3964,Urban,3,1090205
745,Urban,1,219170
3747,Urban,3,507458
3610,Urban,4,882331
2000,Urban,2,216114
2205,Rural,6,399291
3306,Urban,5,671966
1037,Rural,6,224125
2390,Suburban,4,686378
2341,Urban,1,548847
1420,Suburban,5,278682
2955,Suburban,2,774017
1024,Suburban,4,297069
3375,Rural,5,352394
2029,Suburban,4,601607
3450,Suburban,4,404431
535,Suburban,2,140639
1184,Urban,3,184783
519,Urban,5,65620
2868,Rural,2,539101
3059,Rural,4,699872
899,Urban,2,158395
3201,Rural,3,355032
1471,Urban,6,323461
2406,Suburban,5,674836
3018,Suburban,3,533108
1666,Rural,1,238682
1615,Urban,5,304452
3925,Urban,3,430464
1333,Rural,4,352041
2323,Urban,5,616217
3274,Suburban,5,712422
2482,Rural,2,423480
1353,Rural,4,351721
550,Urban,1,116015
1074,Rural,6,284810
3761,Urban,3,851083
1648,Urban,2,423340
2697,Urban,3,592564
2861,Urban,1,523071
3117,Urban,1,908883
3913,Rural,5,814775
2852,Suburban,1,630343
2215,Suburban,3,319176
1181,Rural,4,265878
1337,Rural,4,286547
1577,Suburban,5,215998
3550,Suburban,6,397306
2991,Suburban,3,660627
3160,Suburban,3,798653
3540,Suburban,1,724568
2811,Urban,3,408591
3624,Rural,2,845495
2095,Urban,6,243064
3551,Suburban,1,668890
504,Suburban,2,66867
1626,Suburban,5,222586
1719,Urban,4,241448
1273,Urban,5,225755
1376,Suburban,4,151676
1491,Urban,5,267722
3431,Urban,3,694233
3921,Suburban,2,771099
546,Urban,4,96400
3414,Rural,1,914369
3370,Rural,2,434950
3483,Rural,1,700568
3203,Rural,2,360043
768,Suburban,2,87729
869,Suburban,5,186637
1135,Suburban,4,241986
1629,Rural,4,448963
2193,Rural,2,463983
2182,Urban,3,637052
1156,Urban,3,126858
619,Rural,1,74033
1330,Rural,1,144721
2310,Rural,5,316597
1581,Rural,2,329249
2474,Urban,1,566829
1869,Rural,1,203939
1240,Urban,6,358600
616,Rural,2,165354
2353,Rural,5,374885
3338,Rural,1,385330
1650,Urban,5,221062
3964,Urban,4,497041
2431,Suburban,5,303040
1512,Rural,3,308013
2164,Suburban,3,322802
1581,Suburban,5,271343
1133,Urban,3,337521
1012,Urban,4,239705
3349,Suburban,2,970527
1619,Rural,3,208059
1641,Urban,3,289518
1059,Rural,5,223392
987,Rural,4,113852
3808,Suburban,2,383989
1396,Suburban,5,326785
3843,Suburban,5,877602
1712,Suburban,6,311854
1203,Urban,4,238108
1970,Urban,2,360684
1080,Suburban,4,113185
3337,Urban,2,557527
3408,Suburban,4,461499
2794,Rural,5,334399
3647,Rural,5,1062531
653,Rural,1,143576
2179,Suburban,3,535448
1496,Rural,6,243956
3657,Urban,4,653247
3244,Rural,6,478116
3856,Rural,1,460379
1743,Rural,3,236710
1592,Urban,4,413128
3618,Suburban,2,852072
1508,Urban,3,315753
2641,Suburban,5,515042
2273,Suburban,1,646638
1457,Rural,3,166894
3559,Suburban,3,555631
952,Urban,5,161828
1727,Urban,4,442949
3459,Suburban,2,1032521
2765,Rural,5,409590
3021,Rural,2,830356
2979,Urban,4,792785
2888,Rural,3,418562
1050,Suburban,2,188859
2135,Suburban,1,388430
1812,Urban,1,535707
3825,Suburban,5,520882
2257,Urban,4,586439
856,Suburban,5,142813
2570,Urban,5,632667
2285,Rural,6,420445
3069,Suburban,5,661897
2281,Suburban,6,607937
3671,Urban,1,957518
3349,Urban,1,915230
3751,Suburban,5,419824
3794,Urban,1,904527
3309,Suburban,4,423543
2989,Rural,6,547476
2131,Urban,6,446908
3316,Suburban,5,598696
1515,Rural,1,308942
1848,Rural,2,553116
1015,Suburban,6,128949
3587,Urban,5,843272
3339,Suburban,5,598349
835,Rural,4,105712
2282,Suburban,3,300647
2805,Urban,3,813042
996,Rural,6,274816
1395,Suburban,4,392564
2707,Urban,4,807515
1351,Rural,4,191386
2187,Urban,6,374169
2431,Rural,3,568474
3237,Suburban,4,636913
2927,Urban,1,537625
2068,Rural,5,354790
1456,Urban,5,318508
3238,Urban,2,696554
3998,Suburban,2,528901
2136,Urban,6,415127
1791,Rural,6,377353
1940,Rural,5,415271
1691,Rural,1,240158
1566,Rural,3,389079
784,Suburban,3,82351
2944,Urban,6,503324
511,Suburban,1,130837
2130,Urban,6,453218
3873,Urban,3,589596
3824,Urban,6,913900
3046,Suburban,4,650254
1253,Urban,6,324838
2582,Suburban,5,637767
3274,Rural,6,726898
3396,Rural,5,671170
589,Urban,1,74588
1275,Suburban,3,194139
3152,Rural,2,579400
3517,Suburban,2,773247
2125,Suburban,3,430825
3569,Urban,2,562606
917,Rural,6,92885
614,Urban,1,122338
1116,Urban,1,175351
3767,Rural,3,930153
1325,Rural,2,138845
2149,Suburban,6,466258
2016,Rural,1,581202
3646,Suburban,1,491779
912,Suburban,4,177228
3947,Suburban,4,466868
3991,Rural,1,898519
1228,Urban,3,258010
3848,Suburban,5,698308
3568,Urban,5,728854
3308,Urban,6,923973
1175,Rural,1,163629
3965,Urban,1,414393
2392,Urban,1,651420
3004,Rural,3,647131
3467,Suburban,4,964282
2739,Urban,1,600906
3286,Rural,1,861037
1622,Urban,2,301586
2071,Urban,3,517691
1477,Suburban,6,417412
1508,Urban,1,323352
2643,Rural,2,359863
2187,Urban,5,336272
3210,Suburban,6,448529
3761,Suburban,1,561785
536,Rural,1,86447
3940,Suburban,2,831445
2048,Urban,3,445641
2826,Suburban,1,523657
2764,Rural,5,616604
3414,Suburban,1,397099
1372,Suburban,5,161289
2321,Suburban,6,311863
1796,Rural,6,365693
2609,Suburban,4,372562
1095,Suburban,4,171539
2403,Urban,5,432690
1228,Rural,3,322194
1865,Suburban,1,191670
896,Rural,1,205968
1198,Suburban,4,280062
3590,Suburban,5,932434
2724,Suburban,1,780563
2135,Urban,1,222098
895,Urban,3,117027
2992,Urban,2,829484
3804,Rural,4,729240
575,Rural,4,122427
764,Urban,2,177710
3002,Rural,1,707911
2319,Suburban,3,664041
1217,Suburban,3,364357
3282,Suburban,4,800911
3955,Urban,3,622691
1350,Rural,6,372533
1890,Urban,2,207605
643,Rural,1,94016
1384,Suburban,6,386796
3640,Urban,2,550507
3670,Rural,5,528957
895,Rural,4,114224
3596,Suburban,3,977473
3495,Urban,5,699040
3438,Urban,3,807856
1992,Urban,6,294444
3722,Suburban,1,936485
1667,Urban,1,420085
3116,Suburban,1,506411
1562,Suburban,3,284497
2656,Suburban,5,376987
1565,Rural,1,462163
1709,Urban,5,391566
3482,Urban,3,999016
2945,Suburban,6,473194
3794,Suburban,5,972698
1133,Urban,6,286843
1656,Suburban,3,394676
3734,Urban,3,1094539
1738,Rural,4,310599
1232,Suburban,3,155408
734,Urban,3,172006
3205,Suburban,2,787987
1250,Urban,1,268765
3135,Urban,4,443174
3580,Suburban,4,719190
3645,Rural,4,592086
1453,Urban,2,269521
3039,Urban,6,696063
3460,Urban,3,861688
3824,Rural,1,560005
3801,Rural,5,688228
2042,Suburban,6,314125
1697,Rural,3,237115
2176,Suburban,2,558530
1691,Suburban,3,476609
2717,Rural,3,472884
1916,Suburban,2,479490
3493,Rural,4,975940
3342,Suburban,4,899749
3181,Rural,1,434405
1717,Rural,1,500090
2040,Suburban,4,357683
2576,Urban,6,432376
3736,Suburban,5,420248
1945,Rural,3,383621
2886,Urban,5,351522
2019,Suburban,3,302260
1888,Suburban,4,308477
2356,Suburban,1,616718
1865,Urban,6,513057
999,Rural,1,160332
2180,Suburban,5,592392
1010,Suburban,1,274160
3898,Suburban,4,985921
716,Suburban,6,92606
1824,Suburban,5,434229
1655,Rural,6,478302
2327,Rural,3,550354
3641,Suburban,1,605583
3823,Urban,6,765042
3986,Rural,2,913372
2310,Urban,1,466883
2992,Rural,3,370979
3423,Suburban,6,555939
1705,Rural,5,444117
2714,Suburban,3,738977
590,Rural,2,75201
1213,Suburban,6,352349
2381,Suburban,4,394685
538,Suburban,1,125064
3697,Suburban,5,925599
672,Urban,4,176325
1152,Suburban,6,333100
1253,Urban,6,203717
1743,Urban,3,473575
1581,Suburban,6,199739
2183,Urban,5,526120
3023,Rural,4,750899
955,Suburban,5,224945
1328,Urban,2,199814
1394,Suburban,2,382804
1884,Suburban,1,252025
2458,Suburban,1,272166
3572,Urban,2,869756
2934,Rural,6,572409
2496,Rural,5,673469
2895,Urban,2,511486
689,Suburban,1,92088
1004,Urban,2,268357
1714,Urban,6,359566
2031,Urban,2,279951
3940,Suburban,5,961662
3980,Urban,4,804846
1323,Suburban,6,292201
1428,Urban,1,274432
1433,Rural,5,380807
1640,Urban,2,436096
633,Urban,2,153108
2605,Rural,4,315414
1184,Suburban,1,317040
3219,Suburban,1,753898
2720,Urban,3,651181
2352,Rural,1,405947
1314,Suburban,4,362474
1672,Urban,3,409764
579,Rural,3,70937
3433,Suburban,2,623280
3784,Suburban,2,1049212
702,Rural,1,76826
3311,Rural,3,967750
1752,Rural,2,413178
2199,Rural,4,497579
1750,Urban,2,269695
2182,Rural,6,326772
2055,Suburban,6,592685
3973,Suburban,2,634307
2594,Urban,3,661732
1756,Suburban,3,313664
3876,Suburban,5,495549
2049,Rural,6,209291
1666,Suburban,4,347946
3986,Urban,3,1176490
1896,Rural,1,329576
3830,Rural,6,656609
3203,Urban,4,540725
970,Rural,4,197985
3518,Rural,3,661851
1535,Urban,4,423633
1853,Rural,3,372646
3283,Urban,2,661693
3331,Urban,6,425283
1467,Suburban,5,435035
857,Suburban,2,128545
3519,Rural,6,403533
3979,Rural,3,925631
1167,Urban,6,255658
872,Rural,3,159601
1531,Urban,2,282375
1645,Urban,1,422786
1871,Rural,1,260335
3223,Urban,6,851035
589,Suburban,1,135322
3245,Rural,3,596411
3887,Suburban,4,744771
3749,Rural,3,567334
1039,Urban,4,260189
3279,Rural,2,664243
1368,Suburban,5,224585
540,Urban,4,118373
1239,Rural,1,370642
2446,Rural,3,457530
3049,Rural,2,866337
3506,Suburban,1,592525
3716,Suburban,2,412277
1724,Rural,5,242822
1428,Urban,3,262379
2536,Urban,6,364998
3008,Suburban,3,300936
3279,Urban,5,927958
3299,Suburban,3,886691
1424,Rural,6,353804
3456,Suburban,4,461593
2081,Suburban,2,258195
3824,Rural,6,434104
889,Urban,1,217632
2117,Suburban,5,604957
3430,Suburban,4,638347
755,Rural,1,93490
1208,Urban,1,244594
2338,Suburban,5,396913
2444,Rural,4,427614
2997,Suburban,1,672125
509,Rural,1,124065
3371,Urban,4,411668
1297,Urban,3,138932
3813,Urban,1,1139576
3822,Urban,2,560097
1376,Suburban,4,152414
1528,Suburban,1,210825
3690,Urban,5,397750
1515,Urban,6,270218
2324,Urban,2,605356
873,Suburban,6,146881
3636,Urban,6,686610
2693,Urban,1,633171
723,Urban,2,145886
1762,Rural,2,479773
2724,Urban,3,744216
2302,Rural,6,234762
1352,Rural,2,345583
3853,Urban,3,740341
562,Rural,4,167345
1740,Urban,3,342164
3374,Suburban,5,1003357
3342,Suburban,1,838554
1188,Suburban,4,177868
1984,Suburban,4,412035
2133,Rural,5,636545
2652,Urban,3,720034
3670,Urban,1,438467
1010,Urban,3,243687
884,Suburban,2,149498
904,Suburban,3,91662
3370,Urban,4,608946
1017,Suburban,1,149449
975,Urban,3,257179
2500,Urban,1,418665
3256,Urban,1,864483
2168,Urban,2,217059
2393,Urban,2,386622
3318,Urban,4,491837
1960,Urban,5,287558
3594,Suburban,1,408412
3544,Urban,5,487033
3224,Urban,4,680618
1213,Suburban,1,191984
582,Suburban,1,106784
1668,Suburban,6,292522
3656,Urban,5,1006061
3649,Rural,3,1025587
3004,Rural,2,596568
2401,Suburban,3,398640
2548,Rural,5,309225
550,Suburban,2,159874
1184,Urban,3,132661
1216,Rural,6,193988
1969,Urban,2,314278
948,Rural,1,155548
1380,Urban,3,183343
987,Rural,2,253296
2323,Urban,6,289212
2581,Urban,2,585838
3919,Rural,2,488970
2642,Urban,6,301471
3643,Urban,3,1026910
2074,Urban,4,286265
2701,Rural,3,713739
749,Rural,5,156485
1173,Urban,6,135565
937,Urban,3,272750
2665,Rural,2,398130
1270,Rural,6,345349
3877,Urban,1,518595
767,Urban,3,207694
2484,Urban,6,254972
1577,Suburban,3,319115
735,Rural,6,186608
888,Suburban,2,254819
3537,Rural,1,996869
1262,Rural,1,333073
2348,Rural,5,651894
2948,Rural,6,412259
1123,Rural,3,176127
3314,Rural,1,522928
3874,Rural,1,679541
3466,Suburban,4,619249
3778,Urban,4,789266
1752,Urban,1,231221
3400,Suburban,6,810047
1077,Suburban,5,143793
2622,Suburban,1,424925
934,Suburban,2,187424
2650,Rural,3,687113
3993,Urban,5,989840
1263,Rural,2,289361
3285,Urban,5,430843
3353,Urban,2,702148
1829,Suburban,3,214887
2645,Rural,3,464125
3345,Suburban,4,611142
1858,Rural,6,200593
3406,Urban,2,527240
2982,Suburban,4,868149
946,Suburban,2,275027
2517,Urban,4,429061
1831,Urban,3,198883
748,Urban,5,101592
665,Suburban,4,118664
3531,Rural,2,1022422
1858,Suburban,2,238269
1519,Rural,6,383856
1041,Suburban,3,126727
1258,Suburban,2,372684
3677,Urban,1,648340
2628,Rural,5,670263
2680,Suburban,4,451628
1296,Suburban,6,292291
3447,Urban,5,477075
637,Urban,3,82303
2731,Rural,6,785470
3972,Suburban,4,1126178
1853,Rural,4,514195
3332,Suburban,1,749988
2375,Rural,3,621427
3531,Urban,6,401853
568,Suburban,6,94832
3093,Rural,2,503356
2600,Urban,1,590535
1973,Urban,1,337760
704,Rural,6,91309
2673,Suburban,6,586171
542,Suburban,5,142479
2406,Urban,5,424477
2658,Suburban,5,336114
1260,Suburban,1,175565
3754,Suburban,2,553702
3395,Urban,4,543130
2642,Rural,5,603852
2494,Suburban,2,549151
3945,Urban,3,943707
2435,Urban,5,420038
1399,Rural,4,370454
859,Suburban,3,120962
3447,Suburban,3,668056
2219,Rural,4,577356
780,Rural,5,106104
3766,Urban,1,459348
2387,Urban,4,660570
3766,Rural,4,634894
1166,Suburban,4,276078
592,Urban,3,62201
1171,Urban,2,278708
2469,Suburban,1,402990
560,Urban,5,62242
3181,Suburban,5,706062
3622,Suburban,2,536638
3974,Suburban,4,704834
1528,Rural,1,177425
1989,Rural,5,257441
1103,Rural,6,176033
1181,Suburban,5,139301
3081,Suburban,4,869351
1928,Rural,6,195131
3385,Urban,2,666073
3192,Suburban,1,397881
2780,Urban,2,449069
1023,Urban,2,291771
2893,Suburban,1,382856
3617,Suburban,1,1060383
3093,Urban,5,436604
2468,Urban,5,612837
1601,Rural,1,335146
2253,Rural,6,623846
2336,Suburban,3,492425
3644,Rural,5,753986
3341,Rural,3,464705
2796,Rural,6,372555
2594,Rural,1,734874
1644,Urban,6,272193
2761,Suburban,5,481563
2786,Rural,2,701973
1579,Urban,1,264900
2897,Urban,4,841324
606,Urban,3,150036
3378,Rural,6,741423
547,Rural,1,151069
836,Suburban,6,91894
1549,Rural,1,234538
3351,Rural,5,646767
1780,Urban,5,258804
2555,Suburban,5,635635
1124,Rural,6,319037
2390,Rural,4,441562
1776,Urban,5,299125
2215,Urban,1,647466
3266,Rural,5,617177
802,Suburban,2,158643
1138,Suburban,5,193835
555,Urban,6,156459
1225,Urban,4,261894
1025,Rural,2,258745
973,Urban,6,255277
527,Rural,6,88730
2625,Suburban,6,490189
3787,Suburban,1,1021332
3957,Rural,6,683180
864,Urban,1,223591
3213,Suburban,6,925981
1025,Urban,3,230258
3246,Suburban,2,806064
1835,Rural,3,478970
1382,Rural,6,371768
1530,Rural,2,273886
1526,Suburban,2,168245
2146,Urban,4,387085
1418,Urban,3,332877
3297,Urban,4,626661
2910,Suburban,2,726896
2274,Suburban,1,389755
2031,Suburban,2,460933
3845,Suburban,4,527856
3353,Suburban,3,837827
3286,Urban,6,687231
2406,Suburban,6,338795
3586,Suburban,3,567958
1715,Urban,6,428272
2154,Suburban,6,423304
984,Urban,4,140914
2575,Urban,3,755644
1213,Rural,5,294789
1562,Rural,1,455208
2476,Rural,1,459102
1796,Rural,6,350256
1754,Suburban,1,490402
2633,Rural,3,539790
625,Urban,3,150909
3359,Suburban,2,505309
1036,Rural,2,196161
2692,Urban,1,335665
3783,Suburban,5,534144
2572,Suburban,2,257685
2103,Rural,2,226814
3965,Suburban,3,1171486
566,Urban,5,84034
732,Suburban,6,170308
2656,Urban,1,711329
1669,Suburban,2,350710
2658,Rural,5,347211
2775,Urban,5,681604
610,Suburban,1,134230
1993,Suburban,5,490776
2581,Suburban,5,655443
1122,Urban,5,331082
3940,Urban,2,845967
3295,Urban,1,554641
3142,Rural,5,721695
2972,Rural,5,337881
3160,Urban,2,883155
2041,Suburban,1,252831
3239,Rural,3,536276
1805,Urban,2,474984
3891,Suburban,1,853928
2261,Rural,5,404101
2475,Suburban,1,481850
2862,Suburban,1,775342
1376,Suburban,6,231169
2489,Suburban,1,681811
3948,Rural,3,464390
1812,Rural,1,462711
1960,Rural,3,528238
3209,Urban,5,437590
2824,Rural,3,525459
2233,Suburban,5,297212
2105,Rural,5,507980
2026,Suburban,3,419522
3171,Urban,2,720022
3063,Suburban,4,426667
3921,Suburban,1,558151
3390,Suburban,6,367135
2897,Urban,4,476305
2130,Rural,1,451451
3370,Rural,1,915248
1660,Urban,5,387419
1258,Suburban,1,235345
3446,Rural,6,1001490
742,Urban,1,180935
3090,Rural,3,883842
1563,Urban,4,321224
728,Suburban,3,110496
3095,Rural,6,342199
1419,Urban,1,347962
1746,Rural,6,216959
505,Rural,5,81080
3893,Rural,3,803881
967,Rural,3,205858
2255,Urban,2,496363
574,Suburban,1,76486
503,Urban,5,88501
2370,Urban,3,529550
1145,Urban,3,336588
617,Suburban,5,151489
3428,Rural,6,975337
2129,Rural,6,537449
3051,Rural,1,666165
2521,Suburban,2,348918
1446,Rural,3,337405
3121,Suburban,2,701213
1964,Rural,6,433049
693,Rural,6,137184
1346,Urban,4,276914
3262,Suburban,1,544390
1915,Urban,4,390396
3597,Urban,4,501821
1958,Urban,4,511106
2720,Suburban,1,373062
3871,Suburban,1,452880
2168,Rural,5,405956
2873,Urban,2,665563
1933,Rural,2,362521
1641,Urban,5,254930
3383,Suburban,5,715958
2310,Suburban,6,391315
1223,Suburban,4,350479
724,Urban,5,205999
1031,Suburban,3,206689
612,Urban,2,101333
2687,Rural,5,664834
1058,Urban,3,113568
2548,Rural,3,496742
2637,Urban,3,441076
1153,Rural,6,327575
819,Suburban,6,83866
2073,Rural,3,436497
2328,Suburban,6,577652
2417,Suburban,4,476157
638,Rural,3,74697
3392,Urban,4,998917
2526,Urban,4,514298
2806,Urban,3,625281
1401,Urban,2,206398
1189,Urban,3,233875
2539,Suburban,3,471822
509,Urban,6,58524
760,Suburban,3,92136
2442,Suburban,2,653221
2173,Suburban,6,321525
2719,Rural,1,377918
3445,Rural,1,692383
2560,Suburban,4,649598
1691,Rural,4,190050
2119,Urban,2,456351
820,Urban,5,101550
1842,Suburban,1,197632
2136,Urban,4,236132
2876,Suburban,1,767411
3332,Suburban,2,411816
3324,Urban,2,362416
2494,Rural,5,467824
3458,Urban,5,929505
2443,Urban,6,372512
2538,Suburban,2,467861
3990,Suburban,4,430858
1618,Suburban,1,307121
2104,Suburban,3,453459
2865,Rural,5,613629
735,Rural,3,122366
2469,Rural,4,402710
833,Suburban,5,101063
2408,Suburban,3,417450
875,Suburban,4,104911
1660,Rural,1,420509
3135,Suburban,4,919353
2070,Urban,6,608610
3060,Urban,5,835423
1819,Suburban,2,400468
3891,Urban,1,934513
3465,Urban,3,544147
2355,Rural,5,532592
1872,Suburban,2,357795
1372,Suburban,4,269465
1752,Rural,2,440724
2817,Urban,5,440532
2351,Urban,5,384642
3345,Suburban,6,953085
1814,Urban,6,201798
1224,Rural,2,241283
3736,Rural,4,1055644
2552,Suburban,2,566729
3398,Rural,5,711138
3950,Rural,5,592297
577,Suburban,3,97313
3981,Rural,6,1076500
3121,Rural,3,661163
631,Rural,1,128060
1100,Urban,5,131907
2272,Suburban,3,234483
1565,Suburban,2,458133
2636,Suburban,6,462347
2949,Urban,6,650675
2843,Urban,4,329625
2363,Suburban,2,559139
1818,Urban,4,520881
1115,Suburban,3,239873
3347,Urban,1,419121
2969,Rural,2,642326
2388,Rural,2,604807
1546,Suburban,2,280263
1074,Urban,4,296389
2690,Urban,3,617991
1492,Rural,2,417535
3212,Rural,2,721739
2692,Urban,6,339885
1748,Urban,1,283068
3554,Urban,6,498835
1002,Urban,6,282328
2497,Urban,1,629443
1320,Urban,3,310569
2651,Suburban,6,424672
3610,Urban,3,493880
2470,Rural,6,620686
697,Suburban,5,135797
2169,Urban,1,314847
3126,Rural,6,698112
2938,Suburban,5,317500
1702,Rural,4,281228
3101,Urban,5,600699
1971,Urban,2,255425
3586,Urban,6,1064794
2146,Urban,5,304344
2192,Suburban,3,276346
1812,Suburban,4,254961
2535,Rural,6,643413
977,Urban,2,180843
1754,Rural,5,373747
1422,Suburban,4,148175
919,Urban,6,98228
2704,Urban,4,511502
3097,Suburban,2,815536
1620,Suburban,5,448817
3568,Suburban,4,418673
3544,Suburban,4,735991
3982,Suburban,1,1125496
1450,Urban,4,257512
2836,Suburban,1,754129
1777,Urban,5,225215
2743,Urban,6,787457
3145,Suburban,6,787145
2357,Suburban,5,679445
1016,Urban,5,239088
2158,Suburban,3,372645
2365,Suburban,5,680259
3412,Suburban,4,529246
1641,Rural,6,273119
3353,Urban,2,805262
2432,Rural,6,615449
3730,Suburban,1,1066334
1314,Rural,6,185222
2775,Suburban,3,720388
2400,Rural,5,594502
2763,Suburban,5,311552
3495,Rural,6,620168
2562,Rural,2,401089
3728,Rural,2,599828
3832,Urban,3,1136530
3728,Rural,1,852054
2594,Urban,6,631730
2871,Suburban,5,847873
3391,Rural,6,594918
629,Suburban,3,163771
3982,Suburban,4,744260
594,Rural,4,162700
3174,Urban,3,432081
3302,Rural,5,956051
2455,Suburban,3,352916
3863,Suburban,5,638337
1293,Rural,2,324851
2334,Urban,3,417204
3854,Urban,5,854209
2616,Suburban,3,494200
2183,Suburban,3,542418
510,Urban,5,74289
3825,Rural,5,427220
2365,Suburban,1,378366
3419,Urban,3,666232
3097,Suburban,4,413771
3705,Rural,3,633404
1211,Urban,3,217975
2570,Suburban,5,286499
1314,Rural,3,284693
845,Suburban,6,233954
2849,Rural,3,371363
862,Rural,6,189262
2943,Urban,4,685565
2765,Rural,5,508392
2688,Suburban,3,645710
3505,Rural,6,638422
3781,Rural,6,759706
1484,Urban,6,150582
3540,Rural,2,843737
2139,Rural,1,496822
1327,Suburban,4,142891
3230,Urban,3,560889
3551,Urban,2,1050408
855,Urban,3,157445
3555,Rural,3,712383
1847,Urban,5,520828
3704,Rural,5,901747
3435,Rural,5,743382
2363,Suburban,2,613342
626,Suburban,3,170818
3677,Suburban,1,703695
3556,Suburban,4,693497
1103,Suburban,5,195462
3949,Rural,5,1158404
2428,Rural,3,581343
1513,Urban,3,176483
550,Rural,2,149925
3600,Rural,2,706003
3867,Suburban,5,439874
3868,Rural,3,812061
3326,Suburban,1,610097
1930,Urban,4,531811
2292,Urban,3,322711
3361,Rural,3,891649
2136,Urban,6,451844
3976,Rural,2,441026
3917,Urban,4,1153043
2145,Suburban,5,434411
2967,Suburban,3,469306
1705,Suburban,5,330567
3530,Suburban,3,958647
3372,Rural,5,542826
3572,Urban,4,494848
2354,Rural,2,296166
1066,Suburban,4,170103
2918,Rural,6,747036
1435,Urban,1,278856
2434,Rural,2,354138
3208,Urban,4,427424
3516,Rural,6,585575
1832,Urban,1,527588
3708,Urban,6,625188
701,Suburban,3,208634
2860,Urban,3,563551
616,Suburban,5,83672
1436,Suburban,2,399535
1074,Suburban,3,206284
2791,Rural,6,675238
1036,Rural,2,307425
2125,Rural,3,233824
2622,Rural,5,312906
885,Urban,4,216020
3781,Urban,5,591216
974,Rural,1,133301
917,Urban,3,98918
2894,Urban,1,302044
3187,Suburban,1,812357
1438,Suburban,6,182463
1454,Suburban,2,281413
1375,Suburban,6,304121
1262,Urban,3,234315
1702,Rural,1,179427
1705,Urban,4,437674
1163,Urban,1,118745
524,Urban,4,132246
2490,Suburban,6,693865
1703,Suburban,6,317725
1209,Suburban,2,250394
2379,Rural,1,464848
1684,Urban,5,299485
2724,Rural,6,755868
784,Suburban,6,218568
562,Rural,2,93945
1502,Urban,4,334966
1161,Urban,2,331327
3213,Suburban,1,939518
2703,Suburban,3,545443
1992,Rural,3,379605
3620,Suburban,4,563774
1466,Suburban,6,427741
1348,Urban,4,173302
1607,Suburban,6,347057
3932,Suburban,6,615397
1188,Urban,3,185092
647,Urban,4,117102
841,Rural,2,252096
3023,Suburban,6,335532
1586,Urban,5,342113
2224,Rural,5,259128
1883,Rural,2,246492
3108,Suburban,5,584032
826,Suburban,1,166928
2292,Rural,6,347830
2259,Urban,2,368875
3712,Rural,4,435764
1489,Suburban,6,239198
2762,Urban,2,810126
2982,Urban,3,861623
1451,Rural,4,242281
1222,Suburban,3,261716
3889,Rural,6,1096383
2579,Rural,4,261089
3217,Rural,5,843293
2832,Urban,2,820356
3876,Urban,6,458395
928,Suburban,1,122764
2000,Suburban,4,584298
785,Rural,4,162893
3715,Rural,6,382048
3995,Rural,6,605347
3590,Suburban,3,682059
2565,Urban,5,611962
1268,Urban,3,312729
3137,Rural,3,938227
1894,Rural,5,298309
3746,Rural,1,777834
3557,Rural,3,735106
693,Suburban,3,125522
3049,Urban,4,408054
1487,Rural,5,439395
1636,Suburban,2,442805
2661,Rural,1,531312
3793,Rural,1,836921
2201,Urban,5,320140
1446,Rural,6,301863
1330,Urban,6,317862
2420,Urban,4,491340
3835,Urban,4,1143048
3472,Suburban,5,771715
554,Suburban,4,96503
1299,Urban,1,330505
1277,Rural,1,171236
1981,Urban,2,350445
2401,Rural,6,406709
2709,Urban,5,504853
3951,Rural,3,1012862
2634,Suburban,6,518462
554,Rural,3,143376
2323,Urban,2,500136
1701,Suburban,2,286472
3962,Rural,4,1038027
3920,Rural,2,578819
3579,Rural,2,518513
1332,Rural,3,267599
812,Rural,4,123561
3306,Suburban,2,336608
2358,Suburban,6,541537
2507,Suburban,2,506962
2506,Suburban,4,473893
2990,Urban,5,877247
2290,Suburban,4,490609
827,Rural,3,225511
3625,Rural,5,463601
3308,Suburban,6,707386
3810,Rural,1,1042400
3800,Suburban,4,823160
3126,Rural,3,761502
3622,Urban,6,631708
3554,Urban,5,421113
1787,Suburban,6,342353
3989,Suburban,4,713615
2643,Suburban,2,722628
1611,Rural,4,239715
3649,Suburban,1,1070422
1811,Urban,4,528137
3691,Rural,5,551901
3361,Suburban,5,570060
3038,Rural,4,847939
951,Rural,5,278951
2023,Suburban,2,381715
664,Rural,6,109028
681,Urban,4,139754
3016,Urban,2,716462
1409,Rural,6,217965
3282,Suburban,6,811620
1322,Rural,2,145858
1443,Urban,3,158526
2501,Rural,4,443321
2554,Rural,6,435954
829,Urban,6,135231
1274,Rural,5,252511
2698,Rural,6,442867
3656,Suburban,2,506178
646,Suburban,6,104583
3952,Urban,3,1165764
1414,Urban,4,257662
2071,Urban,4,391300
1808,Suburban,6,389278
3247,Urban,1,963281
581,Urban,1,86174
1013,Urban,2,239327
2420,Suburban,1,588536
3362,Rural,2,744564
3256,Urban,5,383282
2439,Rural,2,574078
1245,Urban,1,140459
3570,Rural,6,782645
1909,Suburban,5,473272
1206,Suburban,1,171485
970,Urban,2,260274
3690,Rural,3,391401
895,Suburban,4,240542
2055,Urban,1,394695
2808,Urban,2,402997
1304,Suburban,5,165289
1433,Suburban,1,416517
1779,Urban,1,203754
2257,Rural,4,315570
1404,Rural,2,238068
3797,Rural,3,850706
1576,Urban,5,329321
3487,Suburban,2,436323
2390,Urban,5,377489
2023,Suburban,1,298898
3401,Rural,4,485351
1887,Rural,4,343865
1803,Suburban,6,434173
1092,Suburban,3,156691
3261,Urban,4,565247
3729,Rural,1,664446
3179,Urban,3,938731
2606,Urban,2,758172
627,Urban,4,163037
1235,Rural,3,183189
3268,Urban,1,371269
3686,Urban,6,602221
3780,Urban,5,579696
3073,Urban,5,618241
1020,Urban,1,260656
3099,Urban,1,841888
736,Rural,5,197963
1804,Urban,6,310170
3930,Suburban,3,933166
3772,Urban,5,613202
2281,Urban,1,255885
1801,Rural,4,432803
3806,Rural,2,388080
3041,Suburban,6,552964
2551,Suburban,6,423149
3213,Rural,4,766864
941,Rural,4,238307
2576,Urban,1,414269
3680,Rural,5,965357
3157,Suburban,3,501279
1304,Urban,6,246801
574,Suburban,6,140861
3385,Urban,4,807606
3717,Rural,5,1105709
2675,Suburban,6,387961
2589,Urban,3,601848
1879,Urban,4,417018
540,Rural,3,152830
3481,Rural,5,456959
2581,Rural,6,646178
3588,Suburban,2,766589
2200,Urban,6,340852
3724,Rural,5,725759
3545,Suburban,6,591147
1901,Suburban,6,410354
1087,Suburban,1,301968
2122,Rural,6,453813
841,Rural,6,190355
2574,Urban,3,524451
3858,Urban,2,425279
1145,Rural,3,167824
1230,Suburban,3,244032
667,Suburban,4,108085
1109,Suburban,1,151215
2815,Urban,3,565326
2272,Suburban,5,373884
2540,Urban,5,385118
3368,Urban,6,649340
954,Suburban,4,120830
3453,Suburban,1,986001
2208,Rural,1,603977
3972,Rural,6,959333
3469,Suburban,5,420591
3528,Urban,2,900258
1201,Urban,4,314171
3181,Urban,6,806551
2099,Urban,4,257742
629,Urban,5,143903
3567,Rural,5,951907
2345,Suburban,2,505278
1886,Rural,2,432424
3366,Urban,1,645170
1192,Urban,4,245243
3863,Urban,4,412859
1894,Urban,5,431439
1293,Suburban,1,150362
528,Urban,6,98737
648,Suburban,4,102728
1819,Urban,1,380326
2558,Suburban,1,324055
3223,Rural,5,768133
1636,Urban,1,423727
686,Suburban,2,91012
3354,Rural,2,405373
3291,Urban,3,424878
1750,Urban,5,481994
1833,Urban,6,376934
597,Suburban,3,115490
554,Suburban,2,67223
3170,Rural,3,728818
3211,Suburban,5,878529
1257,Suburban,5,333905
905,Urban,1,203815
2616,Urban,4,300985
3883,Urban,1,475587
1812,Urban,5,199069
2285,Urban,2,346168
1250,Urban,6,158915
3719,Urban,2,565323
2262,Rural,1,400400
3815,Rural,6,1100995
3505,Rural,5,778373
864,Rural,2,230683
2526,Urban,5,611469
981,Rural,6,120173
2748,Urban,6,679261
653,Rural,2,101227
2024,Suburban,5,461110
2620,Rural,3,440664
3260,Rural,5,976482
2843,Urban,6,434155
1540,Rural,5,239972
2164,Suburban,1,619194
1740,Urban,3,182576
560,Urban,4,134029
1438,Rural,1,352403
2139,Urban,4,571702
2589,Urban,2,763464
524,Urban,4,154643
1562,Urban,5,176592
630,Urban,4,166551
1752,Urban,6,401667
607,Suburban,1,139287
671,Rural,1,84324
1958,Suburban,4,450413
601,Urban,1,178194
3413,Urban,6,963707
3071,Rural,1,576814
2822,Suburban,4,304746
2136,Rural,3,368371
3615,Suburban,3,958980
3364,Urban,2,808368
3504,Rural,1,672308
1540,Rural,4,170971
829,Urban,1,153679
2020,Rural,5,391486
511,Suburban,6,145998
1841,Suburban,1,420147
715,Suburban,1,116066
838,Suburban,3,171843
2299,Urban,6,260272
3208,Rural,4,944799
3652,Suburban,1,628187
2250,Urban,3,440040
2008,Rural,2,343482
2921,Rural,6,690823
3523,Urban,3,818908
1209,Urban,3,293864
1723,Suburban,3,264702
3013,Rural,1,491521
1612,Rural,1,201580
1791,Urban,2,413903
988,Rural,5,106663
2061,Suburban,5,452464
546,Rural,5,149570
3859,Urban,6,1073444
1277,Urban,6,242384
1539,Suburban,2,295273
1210,Suburban,6,139626
900,Rural,5,210737
2317,Rural,5,612271
3528,Urban,3,525428
3657,Suburban,6,673839
749,Suburban,1,200558
890,Suburban,1,245127
834,Rural,3,123962
1128,Suburban,3,237008
636,Urban,3,88085
3430,Urban,1,412888
3235,Rural,5,912994
2021,Rural,3,533749
1326,Suburban,2,334161
1226,Rural,3,134557
2000,Urban,4,537491
3141,Suburban,3,589279
3794,Urban,1,639209
1489,Suburban,6,311640
2919,Rural,3,345232
1434,Suburban,6,360406
3542,Suburban,4,766797
901,Urban,2,123723
1966,Urban,6,270612
1114,Suburban,5,152450
1796,Rural,3,200075
1682,Rural,4,365935
3723,Urban,4,998023
3542,Rural,6,366595
3167,Urban,2,347739
2735,Rural,1,586805
1621,Suburban,3,427780
630,Urban,4,104169
3352,Urban,2,569581
1694,Suburban,5,371442
3483,Urban,4,539316
3533,Rural,2,372101
682,Rural,1,168485
3530,Urban,1,794708
863,Rural,4,186538
538,Urban,4,133605
3044,Suburban,6,715480
1872,Urban,3,264282
3529,Suburban,2,601681
1420,Rural,4,177815
3968,Suburban,3,499854
3269,Rural,6,768996
3732,Urban,3,1014059
515,Rural,4,150661
992,Urban,1,223864
1949,Urban,2,266662
1631,Suburban,2,197563
3441,Suburban,1,903504
810,Suburban,4,174758
1238,Suburban,2,276887
3741,Rural,4,958789
1045,Rural,6,251484
2961,Rural,4,790266
750,Urban,3,83432
1258,Rural,1,313876
2304,Rural,4,622472
3712,Rural,6,583626
1797,Suburban,5,409876
3987,Rural,1,649212
2131,Urban,2,621387
2414,Suburban,3,257536
3610,Urban,2,779610
1313,Rural,6,175023
528,Suburban,6,128010
1457,Urban,2,196954
2532,Rural,1,372398
976,Urban,2,194101
817,Urban,4,231184
744,Urban,2,105903
1247,Rural,3,160673
1196,Rural,3,301147
771,Urban,5,154295
2271,Suburban,3,641232
1762,Suburban,2,227866
2924,Rural,3,670138
765,Rural,1,112130
3473,Rural,3,456185
1420,Rural,4,336093
3930,Rural,1,859636
839,Suburban,5,210560
888,Rural,4,143760
3124,Urban,2,592292
2550,Urban,2,461790
1665,Suburban,2,494201
875,Urban,4,138643
2533,Suburban,4,402654
2871,Suburban,4,490681
645,Urban,1,137332
2481,Rural,6,373302
792,Urban,1,224181
931,Urban,2,142570
1204,Suburban,6,336112
3496,Urban,3,421949
2498,Suburban,2,577818
3132,Rural,5,881335
898,Rural,1,120107
3364,Rural,4,987890
3915,Urban,1,746107
1463,Suburban,4,423016
3711,Rural,6,873435
2734,Suburban,5,438307
2541,Suburban,6,349795
2328,Rural,5,374219
2608,Rural,1,309317
1438,Suburban,4,185176
3951,Rural,6,477802
1209,Suburban,5,223167
1306,Suburban,2,338405
1963,Rural,2,251807
3890,Urban,6,490389
1825,Rural,4,417351
3915,Urban,6,545894
510,Suburban,1,60956
1585,Suburban,5,211390
2368,Urban,1,674279
2773,Suburban,2,732887
3724,Urban,5,636107
3111,Urban,6,719151
1271,Suburban,1,263675
2094,Urban,3,492979
2107,Rural,4,498377
1833,Rural,4,413793
1384,Suburban,3,212056
3814,Suburban,2,411154
1889,Urban,5,361013
3901,Urban,4,1085237
3678,Urban,3,786722
725,Urban,6,193196
1324,Rural,3,394982
2765,Rural,2,366979
1436,Suburban,2,342278
3300,Urban,1,775033
3053,Urban,4,903660
2806,Suburban,1,833719
2411,Urban,3,572216
2296,Urban,5,341467
553,Urban,5,143620
3618,Urban,2,439246
1226,Urban,5,314027
3236,Suburban,5,912678
2044,Urban,5,360902
3670,Suburban,3,829886
1543,Urban,5,287042
2413,Rural,6,452565
2276,Rural,5,368880
2096,Rural,5,529084
2414,Rural,1,693386
2966,Suburban,3,854653
3237,Suburban,2,436853
1349,Urban,1,370905
2609,Rural,4,645691
3716,Suburban,3,559508
2763,Urban,6,313481
502,Urban,3,77106
659,Suburban,4,186129
1280,Rural,4,290093
3691,Urban,4,901382
1392,Rural,2,210791
2530,Rural,5,617010
3660,Rural,3,386584
2876,Urban,5,503484
1079,Rural,5,243153
2433,Urban,6,314390
1880,Rural,4,497449
1790,Urban,2,263141
2140,Rural,6,493176
1451,Suburban,1,262688
3894,Rural,2,853598
3182,Rural,5,386581
1487,Urban,2,153729
1718,Urban,4,484326
1420,Rural,1,218574
3285,Suburban,4,867027
1855,Suburban,1,556258
669,Urban,6,95189
1020,Suburban,5,156094
1986,Rural,1,461887
539,Urban,1,157975
2060,Rural,1,583315
3832,Urban,2,768603
1918,Urban,6,496804
1454,Urban,2,184874
3797,Urban,5,1121966
1483,Suburban,1,434327
3695,Rural,6,490495
1474,Rural,6,235669
537,Rural,3,64456
2875,Urban,5,443737
1774,Suburban,6,466901
1699,Rural,1,298451
2125,Suburban,1,250068
1413,Urban,6,238012
953,Rural,2,282351
536,Suburban,5,121102
3887,Urban,1,712223
2211,Suburban,6,294743
3520,Rural,1,1046268
1295,Rural,6,342099
1472,Urban,5,230066
1092,Urban,6,124503
1637,Urban,3,182239
3611,Suburban,6,448037
1824,Suburban,6,394264
2771,Suburban,5,791820
817,Urban,6,162867
2896,Rural,5,777834
2662,Rural,3,503590
3245,Suburban,5,784370
1846,Suburban,1,454807
2091,Rural,5,281851
3611,Rural,3,621970
2389,Suburban,4,543402
2587,Suburban,6,295278
2496,Rural,5,430080
2272,Urban,6,470212
1812,Suburban,2,542231
1785,Rural,1,347908
715,Rural,1,188196
3718,Rural,2,693085
2883,Rural,2,747498
3739,Urban,5,819151
2639,Rural,2,731845
2900,Suburban,4,528346
3118,Urban,6,688644
3363,Rural,6,760050
2204,Urban,3,404382
3328,Suburban,2,428854
862,Rural,2,102329
3104,Suburban,4,320749
3916,Rural,1,1075752
2216,Rural,1,326405
1693,Rural,6,240916
855,Rural,6,211362
690,Rural,5,113162
2969,Urban,4,597389
1199,Rural,3,158870
2554,Rural,3,745638
2680,Urban,4,724447
1056,Urban,3,288032
1325,Urban,1,240295
3308,Urban,3,835178
